{"cameraMode":{"drawMode":0,"name":"Shaded","section":"Shading Mode"},"sceneLighting":true,"audioPlay":false,"sceneViewState":{"showFog":true,"showMaterialUpdate":false,"showSkybox":true,"showFlares":true,"showImageEffects":true,"showParticleSystems":true},"in2DMode":false,"pivot":{"x":27.237943649291993,"y":-1.779296636581421,"z":15.08788013458252},"rotation":{"x":-0.028343599289655687,"y":-0.5248743891716003,"z":0.017486438155174257,"w":-0.8505415916442871},"size":16.84625816345215,"orthographic":false}