{"cameraMode":{"drawMode":0,"name":"Shaded","section":"Shading Mode"},"sceneLighting":true,"audioPlay":false,"sceneViewState":{"showFog":true,"showMaterialUpdate":false,"showSkybox":true,"showFlares":true,"showImageEffects":true,"showParticleSystems":true},"in2DMode":false,"pivot":{"x":13.611811637878418,"y":3.9120399951934816,"z":13.697033882141114},"rotation":{"x":0.08726394176483154,"y":-0.4053528904914856,"z":-0.03890734910964966,"w":-0.909155011177063},"size":9.919245719909668,"orthographic":false}